main_identifier,index_identifier,valid_from,valid_to
A,A,1999-11-18,
AAL,AAL,2013-12-09,
AAP,AAP,2001-11-29,
AAPL,AAPL,1997-12-31,
ABBV,ABBV,2013-01-02,
ABMD,ABMD,1997-12-31,2022-12-21
ABNB,ABNB,2020-12-10,
ABT,ABT,1997-12-31,
ACGL,ACGL,1997-12-31,
ACI,ACI,2020-06-26,
ACN,ACN,2001-07-19,
ADBE,ADBE,1997-12-31,
ADI,ADI,1997-12-31,
ADM,ADM,1997-12-31,
ADP,ADP,1997-12-31,
ADSK,ADSK,1997-12-31,
AEE,AEE,1997-12-31,
AEP,AEP,1997-12-31,
AES,AES,1997-12-31,
AFL,AFL,1997-12-31,
AFRM,AFRM,2021-01-13,
AGCO,AGCO,1997-12-31,
AGN,AGN,1997-12-31,2020-05-08
AGN1,AGN1,1997-12-31,2015-03-16
AIG,AIG,1997-12-31,
AIZ,AIZ,2004-02-05,
AJG,AJG,1997-12-31,
AKAM,AKAM,1999-10-29,
ALAB,ALAB,2024-03-20,
ALB,ALB,1997-12-31,
ALGN,ALGN,2001-01-30,
ALK,ALK,1997-12-31,
ALL,ALL,1997-12-31,
ALLE,ALLE,2013-11-18,
ALLY,ALLY,2014-04-10,
ALNY,ALNY,2004-06-01,
ALTR1,ALTR1,1997-12-31,2015-12-24
ALV,ALV,1997-12-31,
ALXN,ALXN,1997-12-31,2021-07-21
AMAT,AMAT,1997-12-31,
AMCR,AMCR,2019-06-11,
AMD,AMD,1997-12-31,
AME,AME,1997-12-31,
AMG,AMG,1997-12-31,
AMGN,AMGN,1997-12-31,
AMH,AMH,2013-08-01,
AMP,AMP,2005-09-15,
AMT,AMT,1998-02-27,
AMTD1,AMTD1,1997-12-31,2020-10-05
AMZN,AMZN,1997-12-31,
AN,AN,1997-12-31,
ANDV,ANDV,1997-12-31,2018-09-28
ANET,ANET,2014-06-06,
ANSS,ANSS,1997-12-31,2025-07-17
AON,AON,1997-12-31,
AOS,AOS,1997-12-31,
APA,APA,1997-12-31,
APC1,APC1,1997-12-31,2019-08-08
APD,APD,1997-12-31,
APH,APH,1997-12-31,
APO,APO,2011-03-30,
APP,APP,2021-04-15,
APTV,APTV,2011-11-17,
AR,AR,2013-10-10,
ARE,ARE,1997-12-31,
ARES,ARES,2014-05-02,
ARG,ARG,1997-12-31,2016-05-20
ARMK,ARMK,2013-12-12,
ASH,ASH,1997-12-31,
ATI,ATI,1997-12-31,
ATML,ATML,1997-12-31,2016-04-04
ATO,ATO,1997-12-31,
ATVI,ATVI,1997-12-31,2023-10-12
AVB,AVB,1997-12-31,2026-08-14
AVGO,AVGO,2009-08-06,
AVP,AVP,1997-12-31,2020-01-03
AVT,AVT,1997-12-31,
AVTR,AVTR,2019-05-17,
AVY,AVY,1997-12-31,
AWK,AWK,2008-04-23,
AXON,AXON,2001-06-19,
AXP,AXP,1997-12-31,
AXS,AXS,2003-07-01,
AYI,AYI,2001-12-03,
AYX,AYX,2017-03-24,2024-03-18
AZO,AZO,1997-12-31,
BA,BA,1997-12-31,
BAC,BAC,1997-12-31,
BAH,BAH,2010-11-18,
BALL,BALL,1997-12-31,
BAX,BAX,1997-12-31,
BBBYQ,BBBYQ,1997-12-31,2023-05-02
BBWI,BBWI,1997-12-31,
BBY,BBY,1997-12-31,
BCR,BCR,1997-12-31,2017-12-28
BDX,BDX,1997-12-31,
BE,BE,2018-07-25,
BEAV,BEAV,1997-12-31,2017-04-12
BEN,BEN,1997-12-31,
BFH,BFH,2001-06-15,
BG,BG,2001-08-02,
BHC,BHC,1997-12-31,
BHI,BHI,1997-12-31,2017-07-03
BIIB,BIIB,1997-12-31,
BIO,BIO,1997-12-31,
BKI,BKI,2015-05-20,2023-09-01
BKNG,BKNG,1999-03-31,
BKR,BKR,2017-07-05,
BLDR,BLDR,2005-06-28,
BLK,BLK,1999-10-01,
BMRN,BMRN,1999-07-26,
BMS,BMS,1997-12-31,2019-06-10
BMY,BMY,1997-12-31,
BNY,BNY,1997-12-31,
BR,BR,2007-04-02,
BRCM,BRCM,1998-04-17,2016-01-29
BRO,BRO,1997-12-31,
BRX,BRX,2013-10-30,
BSX,BSX,1997-12-31,
BURL,BURL,2013-10-02,
BWA,BWA,1997-12-31,
BX,BX,2007-06-22,
BXP,BXP,1997-12-31,
C,C,1997-12-31,
CA1,CA1,1997-12-31,2018-11-05
CABO,CABO,2015-07-01,
CAG,CAG,1997-12-31,
CAH,CAH,1997-12-31,
CAM2,CAM2,1997-12-31,2016-04-01
CARR,CARR,2020-03-19,
CASY,CASY,1997-12-31,
CAT,CAT,1997-12-31,
CB,CB,1997-12-31,
CB1,CB1,1997-12-31,2016-01-14
CBRE,CBRE,2004-06-10,
CBSH,CBSH,1997-12-31,
CC,CC,2015-06-19,
CCE1,CCE1,1998-12-31,2016-05-27
CCI,CCI,1998-08-18,
CCK,CCK,1997-12-31,
CCL,CCL,1997-12-31,
CDK,CDK,2014-09-22,2022-07-05
CDNS,CDNS,1997-12-31,
CDW,CDW,2013-06-27,
CE,CE,2005-01-21,
CEG,CEG,2022-02-02,
CELG,CELG,1997-12-31,2019-11-20
CERN,CERN,1997-12-31,2022-06-07
CF,CF,2005-08-11,
CFG,CFG,2014-09-24,
CFN,CFN,2009-08-21,2015-03-16
CFR,CFR,1997-12-31,
CG,CG,2012-05-03,
CGNX,CGNX,1997-12-31,
CHD,CHD,1997-12-31,
CHKAQ,CHKAQ,1997-12-31,2021-02-10
CHRW,CHRW,1997-12-31,
CHTR,CHTR,2010-01-05,
CHWY,CHWY,2019-06-14,
CI,CI,1997-12-31,
CIEN,CIEN,1997-12-31,
CINF,CINF,1997-12-31,
CIT,CIT,2009-12-10,2022-01-03
CL,CL,1997-12-31,
CLB,CLB,1997-12-31,
CLR,CLR,2007-05-15,2022-11-21
CLX,CLX,1997-12-31,
CMA,CMA,1997-12-31,2026-01-30
CMCSA,CMCSA,1997-12-31,
CME,CME,2002-12-06,
CMG,CMG,2006-01-26,
CMI,CMI,1997-12-31,
CMS,CMS,1997-12-31,
CNA,CNA,1997-12-31,
CNC,CNC,2001-12-13,
CNH,CNH,2013-09-30,
CNP,CNP,1997-12-31,
CNX,CNX,1999-04-30,
COF,COF,1997-12-31,
COHR,COHR,1997-12-31,
COIN,COIN,2021-04-14,
COO,COO,1997-12-31,
COP,COP,1997-12-31,
COR,COR,1997-12-31,
COST,COST,1997-12-31,
COTY,COTY,2013-06-13,
COV,COV,2007-06-14,2015-01-26
CPAY,CPAY,2010-12-15,
CPB,CPB,1997-12-31,
CPNG,CPNG,2021-03-11,
CPRI,CPRI,2011-12-15,
CPRT,CPRT,1997-12-31,
CPT,CPT,1997-12-31,
CRDO,CRDO,2022-01-27,
CRH,CRH,1997-12-31,
CRL,CRL,2000-06-23,
CRM,CRM,2004-06-23,
CRS,CRS,1997-12-31,
CRWD,CRWD,2019-06-12,
CSC,CSC,1997-12-31,2017-03-31
CSCO,CSCO,1997-12-31,
CSGP,CSGP,1998-07-01,
CSL,CSL,1997-12-31,
CSX,CSX,1997-12-31,
CTAS,CTAS,1997-12-31,
CTLT,CTLT,2014-07-31,2024-12-17
CTRA,CTRA,1997-12-31,2026-05-06
CTRX,CTRX,2006-06-13,2015-07-23
CTSH,CTSH,1998-06-19,
CTVA,CTVA,2019-06-03,
CTXS,CTXS,1997-12-31,2022-09-29
CVD,CVD,1997-12-31,2015-02-18
CVNA,CVNA,2017-04-28,
CVS,CVS,1997-12-31,
CVX,CVX,1997-12-31,
CW,CW,1997-12-31,
CXO,CXO,2007-08-03,2021-01-15
D,D,1997-12-31,
DAL,DAL,2007-05-03,
DASH,DASH,2020-12-09,
DAY,DAY,2018-04-26,2026-02-03
DD,DD,1997-12-31,
DD1,DD1,1997-12-31,2017-08-31
DDD,DDD,1997-12-31,
DDOG,DDOG,2019-09-19,
DE,DE,1997-12-31,
DECK,DECK,1997-12-31,
DELL,DELL,2016-09-07,
DFS,DFS,2007-06-14,2025-05-16
DG,DG,2009-11-13,
DGX,DGX,1997-12-31,
DHI,DHI,1997-12-31,
DHR,DHR,1997-12-31,
DINO,DINO,1997-12-31,
DIS,DIS,1997-12-31,
DISH,DISH,1997-12-31,2023-12-29
DKS,DKS,2002-10-16,
DLB,DLB,2005-02-17,
DLR,DLR,2004-10-29,
DLTR,DLTR,1997-12-31,
DNB3,DNB3,2000-10-03,2019-02-07
DOC,DOC,1997-12-31,
DOCU,DOCU,2018-04-27,
DOFSQ,DOFSQ,1997-12-31,2021-04-23
DOV,DOV,1997-12-31,
DOW,DOW,2019-04-02,
DPZ,DPZ,2004-07-13,
DRE,DRE,1997-12-31,2022-09-30
DRI,DRI,1997-12-31,
DST,DST,1997-12-31,2018-04-16
DT,DT,2019-08-01,
DTE,DTE,1997-12-31,
DTV1,DTV1,2003-12-24,2015-07-24
DUK,DUK,1997-12-31,
DUOL,DUOL,2021-07-28,
DVA,DVA,1997-12-31,
DVN,DVN,1997-12-31,
DXC,DXC,2017-04-03,
DXCM,DXCM,2005-04-14,
EA,EA,1997-12-31,2026-08-04
EBAY,EBAY,1998-09-24,
ECL,ECL,1997-12-31,
ED,ED,1997-12-31,
EFX,EFX,1997-12-31,
EG,EG,1997-12-31,
EIX,EIX,1997-12-31,
EL,EL,1997-12-31,
ELS,ELS,1997-12-31,
ELV,ELV,2001-10-30,
EMC1,EMC1,1997-12-31,2016-09-06
EME,EME,1997-12-31,
EMN,EMN,1997-12-31,
EMR,EMR,1997-12-31,
ENPH,ENPH,2012-03-30,
ENTG,ENTG,2000-07-11,
EOG,EOG,1997-12-31,
EPAM,EPAM,2012-02-08,
EPC,EPC,2000-03-27,
EQH,EQH,2018-05-10,
EQIX,EQIX,2000-08-11,
EQR,EQR,1997-12-31,
EQT,EQT,1997-12-31,
ES,ES,1997-12-31,
ESRX,ESRX,1997-12-31,2018-12-20
ESS,ESS,1997-12-31,
ETFC,ETFC,1997-12-31,2020-10-02
ETN,ETN,1997-12-31,
ETR,ETR,1997-12-31,
ETSY,ETSY,2015-04-16,
EV1,EV1,1997-12-31,2021-02-26
EVRG,EVRG,2018-04-25,
EW,EW,2000-03-27,
EWBC,EWBC,1999-02-03,
EXC,EXC,1997-12-31,
EXE,EXE,2021-02-10,
EXPD,EXPD,1997-12-31,
EXPE,EXPE,2005-07-21,
EXR,EXR,2004-08-16,
F,F,1997-12-31,
FANG,FANG,2012-10-12,
FAST,FAST,1997-12-31,
FBIN,FBIN,2011-09-16,
FCNCA,FCNCA,1997-12-31,
FCX,FCX,1997-12-31,
FDC,FDC,2015-10-15,2019-07-26
FDO,FDO,1997-12-31,2015-07-06
FDS,FDS,1997-12-31,
FDX,FDX,1997-12-31,
FE,FE,1997-12-31,
FERG,FERG,2021-03-08,
FFIV,FFIV,1999-06-04,
FHN,FHN,1997-12-31,
FICO,FICO,1997-12-31,
FIS,FIS,2001-06-20,
FISV,FISV,1997-12-31,
FITB,FITB,1997-12-31,
FIX,FIX,1997-12-31,
FL,FL,1997-12-31,2025-09-05
FLEX,FLEX,1997-12-31,
FLG,FLG,1997-12-31,
FLIR,FLIR,1997-12-31,2021-05-14
FLR,FLR,2000-12-01,
FLS,FLS,1997-12-31,
FLUT,FLUT,2024-01-29,
FMC,FMC,1997-12-31,
FNF,FNF,2005-10-14,
FOSL,FOSL,1997-12-31,
FOXA,FOXA,2019-03-13,
FRT,FRT,1997-12-31,
FSL,FSL,2011-05-26,2015-12-07
FSLR,FSLR,2006-11-17,
FTI,FTI,2017-01-17,
FTI1,FTI1,2001-06-14,2017-01-13
FTNT,FTNT,2009-11-18,
FTV,FTV,2016-07-05,
FWONA,FWONA,2013-01-10,
GAP,GAP,1997-12-31,
GAS,GAS,1997-12-31,2016-06-30
GD,GD,1997-12-31,
GDDY,GDDY,2015-04-01,
GE,GE,1997-12-31,
GEHC,GEHC,2023-01-04,
GEN,GEN,1997-12-31,
GEV,GEV,2024-04-02,
GGG,GGG,1997-12-31,
GGP,GGP,1997-12-31,2018-08-27
GHC,GHC,1997-12-31,
GILD,GILD,1997-12-31,
GIS,GIS,1997-12-31,
GL,GL,1997-12-31,
GLPI,GLPI,2013-10-14,
GLW,GLW,1997-12-31,
GM,GM,2010-11-18,
GMCR,GMCR,1997-12-31,2016-03-02
GME,GME,2002-02-13,
GNRC,GNRC,2010-02-11,
GNW,GNW,2004-05-25,
GOOGL,GOOGL,2004-08-19,
GPC,GPC,1997-12-31,
GPN,GPN,2001-01-16,
GRMN,GRMN,2000-12-08,
GS,GS,1999-05-04,
GT,GT,1997-12-31,
GTM,GTM,2020-06-04,
GWRE,GWRE,2012-01-25,
GWW,GWW,1997-12-31,
HAL,HAL,1997-12-31,
HAS,HAS,1997-12-31,
HBAN,HBAN,1997-12-31,
HBI,HBI,2006-09-06,2025-11-28
HCA,HCA,2011-03-10,
HCC1,HCC1,1997-12-31,2015-10-27
HD,HD,1997-12-31,
HDS,HDS,2013-06-27,2020-12-23
HEI,HEI,1997-12-31,
HES,HES,1997-12-31,2025-07-18
HIG,HIG,1997-12-31,
HII,HII,2011-03-22,
HLT,HLT,2013-12-12,
HOG,HOG,1997-12-31,
HOLX,HOLX,1997-12-31,2026-04-06
HON,HON,1997-12-31,
HOOD,HOOD,2021-07-29,
HOT,HOT,1997-12-31,2016-09-22
HP,HP,1997-12-31,
HPE,HPE,2015-11-02,
HPQ,HPQ,1997-12-31,
HRB,HRB,1997-12-31,
HRL,HRL,1997-12-31,
HSIC,HSIC,1997-12-31,
HSP,HSP,2004-05-03,2015-09-02
HST,HST,1997-12-31,
HSY,HSY,1997-12-31,
HTZGQ,HTZGQ,2006-11-16,2020-10-29
HUBB,HUBB,1997-12-31,
HUM,HUM,1997-12-31,
HWM,HWM,1997-12-31,
HZNP,HZNP,2011-07-28,2023-10-05
IBKR,IBKR,2007-05-04,
IBM,IBM,1997-12-31,
ICE,ICE,2005-11-16,
IDXX,IDXX,1997-12-31,
IEX,IEX,1997-12-31,
IFF,IFF,1997-12-31,
IGT1,IGT1,1997-12-31,2015-04-06
IHS2,IHS2,2005-11-14,2016-07-12
ILMN,ILMN,2000-07-28,
IMS,IMS,2014-04-04,2016-09-30
INCY,INCY,1997-12-31,
INFO1,INFO1,2014-06-19,2022-02-25
INGR,INGR,1997-12-31,
INTC,INTC,1997-12-31,
INTU,INTU,1997-12-31,
INVH,INVH,2017-02-01,
IP,IP,1997-12-31,
IPG,IPG,1997-12-31,2025-11-26
IPGP,IPGP,2006-12-13,
IQV,IQV,2013-05-09,
IR,IR,2017-05-12,
IRM,IRM,1997-12-31,
ISRG,ISRG,2000-06-16,
IT,IT,1997-12-31,
ITW,ITW,1997-12-31,
IVZ,IVZ,1997-12-31,
J,J,1997-12-31,
JAH,JAH,1997-12-31,2016-04-15
JAZZ,JAZZ,2007-06-01,
JBHT,JBHT,1997-12-31,
JBL,JBL,1997-12-31,
JBLU,JBLU,2002-04-12,
JCI,JCI,1997-12-31,
JEF,JEF,1997-12-31,
JKHY,JKHY,1997-12-31,
JNJ,JNJ,1997-12-31,
JNPR,JNPR,1999-06-25,2025-07-01
JOY,JOY,2001-05-25,2017-04-05
JPM,JPM,1997-12-31,
JWN,JWN,1997-12-31,2025-05-20
K,K,1997-12-31,2025-12-11
KDP,KDP,2008-05-07,
KEY,KEY,1997-12-31,
KEYS,KEYS,2014-10-20,
KHC,KHC,2015-07-06,
KIM,KIM,1997-12-31,
KKR,KKR,2010-07-15,
KLAC,KLAC,1997-12-31,
KMB,KMB,1997-12-31,
KMI,KMI,2011-02-11,
KMX,KMX,1997-12-31,
KO,KO,1997-12-31,
KR,KR,1997-12-31,
KRFT,KRFT,2012-09-17,2015-07-02
KSS,KSS,1997-12-31,
KSU,KSU,1997-12-31,2021-12-13
KVUE,KVUE,2023-05-04,
L,L,1997-12-31,
LBTYA,LBTYA,2004-06-03,
LDOS,LDOS,2006-10-17,
LEA,LEA,2009-11-09,
LEG,LEG,1997-12-31,2026-08-26
LEN,LEN,1997-12-31,
LH,LH,1997-12-31,
LHX,LHX,1997-12-31,
LII,LII,1999-07-29,
LIN,LIN,2018-10-31,
LITE,LITE,2015-07-23,
LKQ,LKQ,2003-10-06,
LLL1,LLL1,1998-05-19,2019-06-28
LLTC,LLTC,1997-12-31,2017-03-10
LLY,LLY,1997-12-31,
LM,LM,1997-12-31,2020-07-30
LMT,LMT,1997-12-31,
LNC,LNC,1997-12-31,
LNG,LNG,1997-12-31,
LNKD,LNKD,2011-05-19,2016-12-07
LNT,LNT,1997-12-31,
LO,LO,2008-06-10,2015-06-11
LOW,LOW,1997-12-31,
LPLA,LPLA,2010-11-18,
LRCX,LRCX,1997-12-31,
LSCC,LSCC,1997-12-31,
LULU,LULU,2007-07-27,
LUMN,LUMN,1997-12-31,
LUV,LUV,1997-12-31,
LVLT,LVLT,1998-04-01,2017-10-31
LVS,LVS,2004-12-15,
LW,LW,2016-11-10,
LYB,LYB,2010-04-28,
LYV,LYV,2005-12-21,
M,M,1997-12-31,
MA,MA,2006-05-25,
MAA,MAA,1997-12-31,
MAC,MAC,1997-12-31,
MAN,MAN,1997-12-31,
MANH,MANH,1998-04-23,
MAR,MAR,1998-03-23,
MAS,MAS,1997-12-31,
MASI,MASI,2007-08-08,2026-06-09
MAT,MAT,1997-12-31,
MCD,MCD,1997-12-31,
MCHP,MCHP,1997-12-31,
MCK,MCK,1997-12-31,
MCO,MCO,2000-10-03,
MD,MD,1997-12-31,
MDLZ,MDLZ,2001-06-13,
MDT,MDT,1997-12-31,
MDU,MDU,1997-12-31,
MDVN,MDVN,2006-03-15,2016-09-28
MET,MET,2000-04-05,
META,META,2012-05-18,
MGM,MGM,1997-12-31,
MHK,MHK,1997-12-31,
MJN,MJN,2009-02-11,2017-06-14
MKC,MKC,1997-12-31,
MKL,MKL,1997-12-31,
MKTX,MKTX,2004-11-05,
MLM,MLM,1997-12-31,
MMM,MMM,1997-12-31,
MNKKQ,MNKKQ,2013-06-17,2022-06-27
MNST,MNST,1997-12-31,
MO,MO,1997-12-31,
MOH,MOH,2003-07-02,
MON2,MON2,2000-10-18,2018-06-06
MOS,MOS,1997-12-31,
MPC,MPC,2011-06-24,
MPT,MPT,2005-07-08,
MPWR,MPWR,2004-11-19,
MRK,MRK,1997-12-31,
MRNA,MRNA,2018-12-07,
MRO,MRO,1997-12-31,2024-11-21
MRSH,MRSH,1997-12-31,
MRVL,MRVL,2000-06-30,
MS,MS,1997-12-31,
MSCI,MSCI,2007-11-15,
MSFT,MSFT,1997-12-31,
MSI,MSI,1997-12-31,
MSTR,MSTR,1998-06-11,
MTB,MTB,1997-12-31,
MTCH,MTCH,1997-12-31,
MTCH2,MTCH2,2015-11-19,2020-06-30
MTD,MTD,1997-12-31,
MTN,MTN,1997-12-31,
MTSI,MTSI,2012-03-15,
MTZ,MTZ,1997-12-31,
MU,MU,1997-12-31,
MUR,MUR,1997-12-31,
MWV,MWV,1997-12-31,2015-07-01
MXIM,MXIM,1997-12-31,2021-08-26
NBIX,NBIX,1997-12-31,
NBR,NBR,1997-12-31,
NCLH,NCLH,2013-01-18,
NDAQ,NDAQ,2002-07-01,
NDSN,NDSN,1997-12-31,
NEE,NEE,1997-12-31,
NEM,NEM,1997-12-31,
NFLX,NFLX,2002-05-23,
NFX1,NFX1,1997-12-31,2019-02-12
NI,NI,1997-12-31,
NKE,NKE,1997-12-31,
NLSN,NLSN,2011-01-27,2022-10-10
NOC,NOC,1997-12-31,
NOV,NOV,1997-12-31,
NOW,NOW,2012-06-29,
NRG,NRG,2003-12-02,
NSC,NSC,1997-12-31,
NTAP,NTAP,1997-12-31,
NTNX,NTNX,2016-09-30,
NTRS,NTRS,1997-12-31,
NUAN,NUAN,1997-12-31,2022-03-03
NUE,NUE,1997-12-31,
NVCR,NVCR,2015-10-02,
NVDA,NVDA,1999-01-22,
NVR,NVR,1997-12-31,
NWL,NWL,1997-12-31,
NWSA,NWSA,2013-07-01,
NXPI,NXPI,2010-08-06,
O,O,1997-12-31,
OC,OC,2006-11-01,
OCR,OCR,1997-12-31,2015-08-17
ODFL,ODFL,1997-12-31,
OGE,OGE,1997-12-31,
OI,OI,1997-12-31,
OII,OII,1997-12-31,
OKE,OKE,1997-12-31,
OMC,OMC,1997-12-31,
ON,ON,2000-05-02,
OPTU,OPTU,2017-06-22,
ORCL,ORCL,1997-12-31,
ORI,ORI,1997-12-31,
ORLY,ORLY,1997-12-31,
OTIS,OTIS,2020-03-19,
OVV,OVV,2002-04-08,
OXY,OXY,1997-12-31,
P,P,2015-10-07,
PANW,PANW,2012-07-20,
PAYC,PAYC,2014-04-15,
PAYX,PAYX,1997-12-31,
PBCT,PBCT,1997-12-31,2022-04-04
PBI,PBI,1997-12-31,
PCAR,PCAR,1997-12-31,
PCG,PCG,1997-12-31,
PCL1,PCL1,1997-12-31,2016-02-19
PCP,PCP,1997-12-31,2016-01-29
PCTY,PCTY,2014-03-19,
PCYC,PCYC,1997-12-31,2015-05-22
PDCO,PDCO,1997-12-31,2025-04-16
PEG,PEG,1997-12-31,
PEN,PEN,2015-09-18,
PEP,PEP,1997-12-31,
PETM,PETM,1997-12-31,2015-03-11
PFE,PFE,1997-12-31,
PFG,PFG,2001-10-23,
PG,PG,1997-12-31,
PGR,PGR,1997-12-31,
PH,PH,1997-12-31,
PHM,PHM,1997-12-31,
PII,PII,1997-12-31,
PINS,PINS,2019-04-18,
PKG,PKG,2000-01-28,
PLD,PLD,1997-12-31,
PLL1,PLL1,1997-12-31,2015-08-28
PLTR,PLTR,2020-09-30,
PM,PM,2008-03-17,
PNC,PNC,1997-12-31,
PNR,PNR,1997-12-31,
PNW,PNW,1997-12-31,
PODD,PODD,2007-05-15,
POM1,POM1,1997-12-31,2016-03-23
POOL,POOL,1997-12-31,
POT,POT,1997-12-31,2017-12-29
PPG,PPG,1997-12-31,
PPL,PPL,1997-12-31,
PRE1,PRE1,1997-12-31,2016-03-17
PRGO,PRGO,1997-12-31,
PRU,PRU,2001-12-13,
PSA,PSA,1997-12-31,
PSKY,PSKY,1997-12-31,
PSX,PSX,2012-04-12,
PTC,PTC,1997-12-31,
PTON,PTON,2019-09-26,
PVH,PVH,1997-12-31,
PWR,PWR,1998-02-12,
PX1,PX1,1997-12-31,2018-10-30
PXD,PXD,1997-12-31,2024-05-02
PYPL,PYPL,2015-07-06,
QCOM,QCOM,1997-12-31,
QEP,QEP,2010-06-16,2021-03-16
QRVO,QRVO,2015-01-02,
QSR,QSR,2014-12-15,
QVCAQ,QVCAQ,2006-05-10,2026-04-24
RADCQ,RADCQ,1997-12-31,2023-10-16
RAI,RAI,1999-06-01,2017-07-24
RAX,RAX,2008-08-08,2016-11-02
RBA,RBA,1998-03-10,
RCL,RCL,1997-12-31,
RDDT,RDDT,2024-03-21,
REG,REG,1997-12-31,
REGN,REGN,1997-12-31,
RF,RF,1997-12-31,
RGA,RGA,1997-12-31,
RHI,RHI,1997-12-31,
RHT,RHT,1999-08-11,2019-07-08
RIG,RIG,1997-12-31,
RJF,RJF,1997-12-31,
RKT,RKT,2020-08-06,
RKT1,RKT1,1997-12-31,2015-07-01
RL,RL,1997-12-31,
RMD,RMD,1997-12-31,
RNR,RNR,1997-12-31,
ROK,ROK,1997-12-31,
ROKU,ROKU,2017-09-28,
ROL,ROL,1997-12-31,
ROP,ROP,1997-12-31,
ROST,ROST,1997-12-31,
RPM,RPM,1997-12-31,
RPRX,RPRX,2020-06-16,
RRC,RRC,1997-12-31,
RS,RS,1997-12-31,
RSG,RSG,1998-07-01,
RTN,RTN,1997-12-31,2020-04-02
RTX,RTX,1997-12-31,
RVTY,RVTY,1997-12-31,
RYN,RYN,1997-12-31,
S2,S2,1997-12-31,2020-03-31
SABR,SABR,2014-04-17,
SBAC,SBAC,1999-06-16,
SBUX,SBUX,1997-12-31,
SC,SC,2014-01-23,2022-01-28
SCCO,SCCO,1997-12-31,
SCG,SCG,1997-12-31,2018-12-31
SCHW,SCHW,1997-12-31,
SE1,SE1,2006-12-14,2017-02-24
SEDG,SEDG,2015-03-26,
SEE,SEE,1997-12-31,2026-04-08
SEIC,SEIC,1997-12-31,
SGEN,SGEN,2001-03-09,2023-12-13
SHPG,SHPG,1998-03-25,2019-01-07
SHW,SHW,1997-12-31,
SIAL,SIAL,1997-12-31,2015-11-18
SIG,SIG,1997-12-31,
SIRI,SIRI,1997-12-31,
SIVBQ,SIVBQ,1997-12-31,2023-03-28
SJM,SJM,1997-12-31,
SLB,SLB,1997-12-31,
SLG,SLG,1997-12-31,
SLM,SLM,1997-12-31,
SMCI,SMCI,2007-03-29,
SNA,SNA,1997-12-31,
SNDK,SNDK,2025-02-24,
SNDK1,SNDK1,1997-12-31,2016-05-11
SNI,SNI,2008-06-12,2018-03-06
SNPS,SNPS,1997-12-31,
SO,SO,1997-12-31,
SOFI,SOFI,2020-10-09,
SON,SON,1997-12-31,
SPB1,SPB1,2009-09-02,2018-07-13
SPG,SPG,1997-12-31,
SPGI,SPGI,1997-12-31,
SPLK,SPLK,2012-04-19,2024-03-15
SPLS1,SPLS1,1997-12-31,2017-09-12
SPR,SPR,2006-11-28,2025-12-05
SPXC,SPXC,1997-12-31,
SRCL,SRCL,1997-12-31,2024-11-01
SRE,SRE,1998-06-29,
SSNC,SSNC,2010-03-31,
ST,ST,2010-03-11,
STE,STE,2015-11-03,
STI1,STI1,1997-12-31,2019-12-06
STJ,STJ,1997-12-31,2017-01-04
STLD,STLD,1997-12-31,
STR1,STR1,1997-12-31,2016-09-16
STT,STT,1997-12-31,
STX,STX,2002-12-11,
STZ,STZ,1997-12-31,
SUI,SUI,1997-12-31,
SW,SW,2024-07-08,
SWK,SWK,1997-12-31,
SWKS,SWKS,1997-12-31,
SWN,SWN,1997-12-31,2024-09-30
SWY,SWY,1997-12-31,2015-01-29
SYF,SYF,2014-07-31,
SYK,SYK,1997-12-31,
SYY,SYY,1997-12-31,
T,T,1997-12-31,
TAP,TAP,1997-12-31,
TDC,TDC,2007-10-02,
TDG,TDG,2006-03-15,
TDY,TDY,1999-11-23,
TE1,TE1,1997-12-31,2016-06-30
TECH,TECH,1997-12-31,
TEG,TEG,1997-12-31,2015-06-29
TEL,TEL,2007-06-14,
TER,TER,1997-12-31,
TEVA,TEVA,1997-12-31,
TFC,TFC,1997-12-31,
TFCF,TFCF,1997-12-31,2019-03-20
TFX,TFX,1997-12-31,
TGT,TGT,1997-12-31,
TIF,TIF,1997-12-31,2021-01-06
TJX,TJX,1997-12-31,
TMO,TMO,1997-12-31,
TMUS,TMUS,2007-04-19,
TNL,TNL,2006-07-19,
TOL,TOL,1997-12-31,
TOST,TOST,2021-09-22,
TPL,TPL,1997-12-31,
TPR,TPR,2000-10-06,
TRGP,TRGP,2010-12-07,
TRIP,TRIP,2011-12-07,
TRMB,TRMB,1997-12-31,
TROW,TROW,1997-12-31,
TRU,TRU,2015-06-25,
TRV,TRV,1997-12-31,
TRW,TRW,2004-02-03,2015-05-14
TSCO,TSCO,1997-12-31,
TSLA,TSLA,2010-06-29,
TSN,TSN,1997-12-31,
TSS,TSS,1997-12-31,2019-09-17
TT,TT,1997-12-31,
TTD,TTD,2016-09-21,
TTWO,TTWO,1997-12-31,
TW,TW,2019-04-04,
TW2,TW2,2000-10-11,2016-01-04
TWC,TWC,2007-01-10,2016-05-17
TWTR,TWTR,2013-11-07,2022-10-27
TWX,TWX,1997-12-31,2018-06-15
TXN,TXN,1997-12-31,
TXT,TXT,1997-12-31,
TYC,TYC,1997-12-31,2016-09-02
TYL,TYL,1997-12-31,
UAA,UAA,2005-11-18,
UAL,UAL,2006-02-06,
UBER,UBER,2019-05-10,
UDR,UDR,1997-12-31,
UGI,UGI,1997-12-31,
UHS,UHS,1997-12-31,
UI,UI,2011-10-14,
ULTA,ULTA,2007-10-25,
ULTI1,ULTI1,1998-06-17,2019-05-02
UNH,UNH,1997-12-31,
UNM,UNM,1997-12-31,
UNP,UNP,1997-12-31,
UPS,UPS,1999-11-10,
URBN,URBN,1997-12-31,
URI,URI,1997-12-31,
USB,USB,1997-12-31,
UTHR,UTHR,1999-06-17,
V,V,2008-03-19,
VAL1,VAL1,1997-12-31,2017-05-31
VALPQ,VALPQ,1997-12-31,2021-04-27
VAR,VAR,1997-12-31,2021-04-14
VEEV,VEEV,2013-10-16,
VFC,VFC,1997-12-31,
VIAB,VIAB,2005-12-05,2019-12-04
VICI,VICI,2018-01-04,
VLO,VLO,1997-12-31,
VLTO,VLTO,2023-10-02,
VMC,VMC,1997-12-31,
VMW,VMW,2007-08-15,2023-11-21
VNO,VNO,1997-12-31,
VOYA,VOYA,2013-05-02,
VRSK,VRSK,2009-10-07,
VRSN,VRSN,1998-01-30,
VRT,VRT,2018-07-30,
VRTX,VRTX,1997-12-31,
VST,VST,2016-10-05,
VTR,VTR,1997-12-31,
VTRS,VTRS,1997-12-31,
VYX,VYX,1997-12-31,
VZ,VZ,1997-12-31,
W,W,2014-10-02,
WAB,WAB,1997-12-31,
WAT,WAT,1997-12-31,
WBA,WBA,1997-12-31,2025-08-27
WBD,WBD,2005-07-08,
WCG,WCG,2004-07-01,2020-01-23
WCN,WCN,1998-05-22,
WDAY,WDAY,2012-10-12,
WDC,WDC,1997-12-31,
WEC,WEC,1997-12-31,
WELL,WELL,1997-12-31,
WFC,WFC,1997-12-31,
WFM,WFM,1997-12-31,2017-08-28
WFTIQ,WFTIQ,1997-12-31,2019-12-13
WHR,WHR,1997-12-31,
WLK,WLK,2004-08-12,
WM,WM,1997-12-31,
WMB,WMB,1997-12-31,
WMT,WMT,1997-12-31,
WP,WP,2012-03-22,2019-07-30
WPC,WPC,1998-01-21,
WR1,WR1,1997-12-31,2018-06-04
WRB,WRB,1997-12-31,
WRK,WRK,2015-06-24,2024-07-05
WSM,WSM,1997-12-31,
WSO,WSO,1997-12-31,
WST,WST,1997-12-31,
WTRG,WTRG,1997-12-31,
WTW,WTW,2001-06-12,
WU,WU,2006-10-02,
WWAV,WWAV,2012-10-26,2017-04-11
WY,WY,1997-12-31,
WYNN,WYNN,2002-10-25,
XEC,XEC,2002-09-25,2021-09-30
XEL,XEL,1997-12-31,
XL1,XL1,1997-12-31,2018-09-11
XLNX,XLNX,1997-12-31,2022-02-11
XOM,XOM,1997-12-31,
XPO,XPO,2004-05-12,
XRAY,XRAY,1997-12-31,
XRX,XRX,1997-12-31,
XYL,XYL,2011-10-13,
XYZ,XYZ,2015-11-19,
Y,Y,1997-12-31,2022-10-18
YHOO,YHOO,1997-12-31,2017-06-16
YUM,YUM,1997-12-31,
YUMC,YUMC,2016-10-17,
ZAYO,ZAYO,2014-10-17,2020-03-06
ZBH,ZBH,2001-07-25,
ZBRA,ZBRA,1997-12-31,
ZION,ZION,1997-12-31,
ZM,ZM,2019-04-18,
ZTS,ZTS,2013-02-01,
