main_identifier,provider
A,
AAL,
AAP,
AAPL,
ABBV,
ABMD,
ABNB,
ABT,
ACGL,
ACI,
ACN,
ADBE,
ADI,
ADM,
ADP,
ADS,
ADSK,
AEE,
AEP,
AER,
AES,
AFG,
AFL,
AFRM,
AIG,
AIZ,
AJG,
AKAM,
ALAB,
ALB,
ALC,
ALGN,
ALK,
ALL,
ALLE,
ALLY,
ALNY,
ALSN,
AMAT,
AMC,
AMCR,
AMD,
AME,
AMG,
AMGN,
AMP,
AMT,
AMZN,
AN,
ANET,
ANSS,
ANTM,
AON,
AOS,
APA,
APD,
APH,
APP,
APTV,
ARCC,
ARE,
ARES,
ARMK,
ARW,
ATO,
ATUS,
ATVI,
AU,
AVB,
AVGO,
AVT,
AVTR,
AVY,
AWK,
AXON,
AXP,
AXS,
AYI,
AZPN,
BA,
BAC,
BAH,
BALL,
BAX,
BBWI,
BBY,
BDX,
BEN,
BF-A,
BF-B,
BFH,
BG,
BIIB,
BIO,
BK,
BKI,
BKNG,
BKR,
BLDR,
BLK,
BLL,
BMRN,
BMY,
BR,
BRK-B,
BRO,
BRX,
BSX,
BURL,
BWA,
BX,
BXP,
C,
CABO,
CAG,
CAH,
CAR,
CARR,
CASY,
CAT,
CB,
CBRE,
CCEP,
CCI,
CCK,
CCL,
CDAY,
CDNS,
CDW,
CE,
CEG,
CELG,
CF,
CFG,
CG,
CGNX,
CHD,
CHRW,
CHTR,
CHWY,
CI,
CIEN,
CINF,
CIT,
CL,
CLR,
CLX,
CMA,
CMCSA,
CME,
CMG,
CMI,
CMS,
CNA,
CNC,
CNH,
CNHI,
CNP,
COF,
COG,
COHR,
COIN,
COLB,
COO,
COP,
COR,
COST,
CPAY,
CPB,
CPRI,
CPRT,
CPT,
CRDO,
CRH,
CRM,
CRWD,
CSC,
CSCO,
CSGP,
CSL,
CSX,
CTAS,
CTLT,
CTRA,
CTSH,
CTVA,
CTXS,
CVNA,
CVS,
CVX,
CW,
D,
DAL,
DASH,
DAY,
DCI,
DCP,
DD,
DDOG,
DE,
DECK,
DELL,
DFS,
DG,
DGX,
DHI,
DHR,
DINO,
DIS,
DISCA,
DISH,
DKS,
DLR,
DLTR,
DOC,
DOV,
DOW,
DOX,
DPZ,
DRE,
DRI,
DT,
DTE,
DUK,
DUOL,
DVA,
DVN,
DXC,
DXCM,
EA,
EBAY,
ECL,
ED,
EFX,
EG,
EIX,
EL,
ELS,
ELV,
EME,
EMN,
EMR,
ENBL,
ENPH,
ENTG,
EOG,
EPAM,
EPC,
EQIX,
EQR,
EQT,
ERIE,
ES,
ESRX,
ESS,
ET,
ETN,
ETR,
ETSY,
EVRG,
EW,
EWBC,
EXC,
EXE,
EXPD,
EXPE,
EXR,
F,
FANG,
FAST,
FBHS,
FBIN,
FCNCA,
FCX,
FDS,
FDX,
FE,
FERG,
FFIV,
FHN,
FI,
FICO,
FIS,
FISV,
FITB,
FITBI,
FIX,
FL,
FLG,
FLR,
FLS,
FLUT,
FMC,
FNF,
FOX,
FOXA,
FRC,
FRT,
FSLR,
FTI,
FTNT,
FTV,
FWONA,
FWONK,
GAP,
GD,
GDDY,
GE,
GEHC,
GEN,
GEV,
GFS,
GGG,
GILD,
GIS,
GL,
GLPI,
GLT,
GLW,
GM,
GNRC,
GNTX,
GOOG,
GOOGL,
GPC,
GPN,
GPS,
GRA,
GRMN,
GS,
GT,
GTM,
GWRE,
GWW,
H,
HAIN,
HAL,
HAS,
HBAN,
HBI,
HCA,
HD,
HEI,
HEI-A,
HES,
HFC,
HIG,
HII,
HLT,
HOG,
HOLX,
HON,
HOOD,
HOUS,
HP,
HPE,
HPQ,
HRB,
HRL,
HSIC,
HST,
HSY,
HUBB,
HUBS,
HUM,
HUN,
HWM,
IBKR,
IBM,
ICE,
ICLR,
IDXX,
IEX,
IFF,
ILMN,
INCY,
INGR,
INTC,
INTU,
INVH,
IP,
IPG,
IPGP,
IQV,
IR,
IRM,
ISRG,
IT,
ITW,
IVZ,
J,
JAZZ,
JBHT,
JBL,
JBLU,
JCI,
JEF,
JKHY,
JLL,
JNJ,
JNPR,
JPM,
JSM,
KDP,
KEY,
KEYS,
KHC,
KIM,
KKR,
KLAC,
KMB,
KMI,
KMX,
KO,
KR,
KRC,
KSS,
KSU,
KVUE,
L,
LAMR,
LAZ,
LBRDK,
LBTYA,
LBTYK,
LCI,
LDOS,
LEA,
LECO,
LEG,
LEN,
LEN-B,
LH,
LHX,
LII,
LIN,
LITE,
LKQ,
LLTC,
LLY,
LMT,
LNC,
LNG,
LNT,
LOW,
LPLA,
LRCX,
LSCC,
LUMN,
LUV,
LVS,
LW,
LYB,
LYV,
M,
MA,
MAA,
MAC,
MAGN,
MAN,
MAR,
MAS,
MASI,
MAT,
MCD,
MCHP,
MCK,
MCO,
MD,
MDLZ,
MDT,
MET,
META,
MGM,
MHK,
MIC,
MIDD,
MKC,
MKC-V,
MKL,
MKTX,
MLM,
MMC,
MMM,
MNST,
MO,
MOH,
MOS,
MPC,
MPLX,
MPWR,
MRK,
MRNA,
MRO,
MRSH,
MRVL,
MS,
MSCI,
MSFT,
MSI,
MSM,
MSTR,
MTB,
MTCH,
MTD,
MU,
MUR,
NAVI,
NBIX,
NCLH,
NCR,
NDAQ,
NDSN,
NEE,
NEGG,
NEM,
NEU,
NFG,
NFLX,
NI,
NKE,
NLSN,
NNN,
NOC,
NOV,
NOW,
NRG,
NSC,
NTAP,
NTNX,
NUE,
NVCR,
NVDA,
NVR,
NWL,
NWS,
NWSA,
NYCB,
O,
ODFL,
OGE,
OHI,
OKE,
OMC,
ON,
OPTU,
ORCL,
ORLY,
OTIS,
OVV,
OXY,
PANW,
PARA,
PAYC,
PAYX,
PCAR,
PCG,
PCTY,
PEAK,
PEG,
PEP,
PFE,
PFG,
PG,
PGR,
PH,
PHM,
PII,
PINS,
PKG,
PLD,
PLTR,
PM,
PNC,
PNR,
PNW,
PODD,
POOL,
PPC,
PPG,
PPL,
PRGO,
PRU,
PSA,
PSTG,
PSX,
PSXP,
PTC,
PTON,
PVH,
PWR,
PXD,
PYPL,
QCOM,
QRTEA,
QRVO,
R,
RAD,
RBA,
RCL,
RDDT,
RE,
REG,
REGN,
RF,
RGA,
RHI,
RJF,
RKT,
RL,
RLGY,
RMD,
ROK,
ROKU,
ROL,
ROP,
ROST,
RPM,
RPRX,
RRC,
RS,
RSG,
RTX,
RVTY,
SABR,
SBAC,
SBUX,
SC,
SCCO,
SCHW,
SEE,
SEIC,
SFM,
SGEN,
SHW,
SIG,
SIRI,
SITC,
SIVB,
SJM,
SLB,
SLG,
SMCI,
SNA,
SNCR,
SNPS,
SO,
SOFI,
SPG,
SPGI,
SPLK,
SPOT,
SQ,
SRCL,
SRE,
SSNC,
ST,
STE,
STLD,
STNE,
STT,
STZ,
SUI,
SW,
SWK,
SWKS,
SYF,
SYK,
SYY,
T,
TAP,
TAP-A,
TDC,
TDG,
TDW,
TDY,
TECH,
TEL,
TER,
TFC,
TFX,
TGT,
TJX,
TKO,
TMO,
TMUS,
TOL,
TOST,
TPL,
TPR,
TRGP,
TRIP,
TRMB,
TROW,
TRU,
TRV,
TSCO,
TSLA,
TSN,
TT,
TTD,
TTWO,
TW,
TWTR,
TXN,
TXT,
TYL,
UAA,
UAL,
UBER,
UDR,
UGI,
UHAL,
UHS,
UI,
ULTA,
UNH,
UNM,
UNP,
UPS,
URI,
USB,
UTHR,
V,
VEEV,
VFC,
VICI,
VIK,
VLO,
VLTO,
VMC,
VMW,
VNO,
VRSK,
VRSN,
VRT,
VRTX,
VST,
VTR,
VTRS,
VZ,
W,
WAB,
WAT,
WBA,
WBD,
WDAY,
WDC,
WEC,
WELL,
WES,
WFC,
WHR,
WLK,
WM,
WMB,
WMT,
WPC,
WRB,
WRK,
WSM,
WSO,
WST,
WTRG,
WTW,
WU,
WW,
WY,
WYNN,
XEC,
XEL,
XOM,
XPRO,
XRAY,
XRX,
XYL,
XYZ,
Y,
YUM,
Z,
ZBH,
ZBRA,
ZI,
ZION,
ZIONL,
ZIONO,
ZM,
ZTS,
AAMRQ,sharadar
ABI1,sharadar
ABKFQ,sharadar
ABS,sharadar
ABWTQ,sharadar
ACAS,sharadar
ACF,sharadar
ACIIQ,sharadar
ACM,sharadar
ACS,sharadar
ACTA,sharadar
ACV1,sharadar
AD,sharadar
ADCT1,sharadar
ADRX,sharadar
ADVP,sharadar
AEO,sharadar
AET,sharadar
AFCI,sharadar
AFS.A,sharadar
AGC1,sharadar
AGCO,sharadar
AGE1,sharadar
AGN,sharadar
AGN1,sharadar
AIV,sharadar
AKS,sharadar
AL1,sharadar
ALTR1,sharadar
ALV,sharadar
ALXN,sharadar
AMCC,sharadar
AMH,sharadar
AMKR,sharadar
AMTD1,sharadar
ANDV,sharadar
ANF,sharadar
ANRZQ,sharadar
APC1,sharadar
APCC,sharadar
APO,sharadar
APOL,sharadar
AR,sharadar
ARC1,sharadar
ARG,sharadar
ASDV,sharadar
ASH,sharadar
ASN,sharadar
ASO1,sharadar
AT1,sharadar
ATI,sharadar
ATML,sharadar
AV1,sharadar
AVP,sharadar
AVX1,sharadar
AW,sharadar
AWE,sharadar
AWK1,sharadar
AXF,sharadar
AYE,sharadar
AYX,sharadar
AZA.A,sharadar
AZO,sharadar
BBBYQ,sharadar
BCR,sharadar
BDK,sharadar
BE,sharadar
BEAM2,sharadar
BEAS,sharadar
BEAV,sharadar
BEC1,sharadar
BF.B,sharadar
BFO1,sharadar
BGEN,sharadar
BGPTQ,sharadar
BHC,sharadar
BHI,sharadar
BJ1,sharadar
BJS,sharadar
BKC1,sharadar
BLC,sharadar
BLS,sharadar
BMC,sharadar
BMET,sharadar
BMS,sharadar
BNI,sharadar
BNK1,sharadar
BNK2,sharadar
BNY,sharadar
BOBJY,sharadar
BOL,sharadar
BOT1,sharadar
BPOP,sharadar
BR1,sharadar
BRCD,sharadar
BRCM,sharadar
BRK.B,sharadar
BRL,sharadar
BSC1,sharadar
BSG,sharadar
BUCY,sharadar
BUD1,sharadar
BVSN,sharadar
BWE,sharadar
CA1,sharadar
CAL1,sharadar
CAM2,sharadar
CB1,sharadar
CBB,sharadar
CBE,sharadar
CBH1,sharadar
CBI,sharadar
CBS1,sharadar
CBSH,sharadar
CBSS,sharadar
CC,sharadar
CCE1,sharadar
CCN1,sharadar
CCTYQ,sharadar
CCU1,sharadar
CDK,sharadar
CDO,sharadar
CDP1,sharadar
CDWC,sharadar
CE1,sharadar
CEG1,sharadar
CEN1,sharadar
CEPH,sharadar
CERN,sharadar
CF1,sharadar
CFC,sharadar
CFN,sharadar
CFR,sharadar
CG1,sharadar
CGP,sharadar
CHA1,sharadar
CHIR1,sharadar
CHKAQ,sharadar
CHS,sharadar
CIN,sharadar
CKFR,sharadar
CLB,sharadar
CLF,sharadar
CLFY,sharadar
CMVT,sharadar
CMX,sharadar
CNCEQ,sharadar
CNET1,sharadar
CNG,sharadar
CNX,sharadar
CNXT1,sharadar
COC,sharadar
COL,sharadar
COMR,sharadar
COMS1,sharadar
COTY,sharadar
COV,sharadar
COX,sharadar
CPN,sharadar
CPNG,sharadar
CPNLQ,sharadar
CPPRQ,sharadar
CPQ,sharadar
CPS1,sharadar
CPWR,sharadar
CRL,sharadar
CRS,sharadar
CSGS,sharadar
CSR1,sharadar
CTRX,sharadar
CTX1,sharadar
CVA,sharadar
CVC,sharadar
CVD,sharadar
CVG,sharadar
CVH,sharadar
CVSA,sharadar
CXO,sharadar
CXR,sharadar
CY,sharadar
CYTC,sharadar
CZR1,sharadar
DALRQ,sharadar
DBDQQ,sharadar
DCNAQ,sharadar
DD1,sharadar
DDD,sharadar
DELL1,sharadar
DFODQ,sharadar
DG1,sharadar
DIAL1,sharadar
DJ,sharadar
DL1,sharadar
DLB,sharadar
DLJ,sharadar
DLX,sharadar
DME,sharadar
DNA1,sharadar
DNB1,sharadar
DNB3,sharadar
DNRCQ,sharadar
DOCU,sharadar
DOFSQ,sharadar
DPHIQ,sharadar
DPL,sharadar
DQE,sharadar
DRLCQ,sharadar
DST,sharadar
DTV1,sharadar
DYNIQ,sharadar
DZA,sharadar
EAS,sharadar
EAT,sharadar
EC1,sharadar
EDS,sharadar
EFII,sharadar
EHC,sharadar
EKDKQ,sharadar
ELX,sharadar
EMC1,sharadar
ENRNQ,sharadar
ENTU,sharadar
EOP,sharadar
EP1,sharadar
EQ1,sharadar
EQH,sharadar
ESINQ,sharadar
ETEK1,sharadar
ETFC,sharadar
ETS1,sharadar
EV1,sharadar
EVHC,sharadar
EXPEA,sharadar
EXTR,sharadar
EYE1,sharadar
FBF,sharadar
FDC,sharadar
FDC1,sharadar
FDO,sharadar
FDRY,sharadar
FHCC,sharadar
FHI,sharadar
FJ,sharadar
FLEX,sharadar
FLIR,sharadar
FNF1,sharadar
FOSL,sharadar
FOX1,sharadar
FPC,sharadar
FRX1,sharadar
FSH,sharadar
FSL,sharadar
FSL.B,sharadar
FTI1,sharadar
FVB,sharadar
FWLT,sharadar
G1,sharadar
GAS,sharadar
GDT1,sharadar
GDW,sharadar
GEN1,sharadar
GENZ1,sharadar
GGP,sharadar
GHC,sharadar
GIC1,sharadar
GLC,sharadar
GLM,sharadar
GMCR,sharadar
GME,sharadar
GMIL,sharadar
GMST,sharadar
GMXRQ,sharadar
GNW,sharadar
GPT1,sharadar
GPU,sharadar
GR,sharadar
GRP1,sharadar
GSB1,sharadar
GSF1,sharadar
GTE1,sharadar
GTW,sharadar
GX,sharadar
H2,sharadar
HAR,sharadar
HCA1,sharadar
HCC1,sharadar
HDS,sharadar
HET,sharadar
HEW,sharadar
HF.A,sharadar
HGSI,sharadar
HI1,sharadar
HIB,sharadar
HK1,sharadar
HLF,sharadar
HLI.A,sharadar
HLIT,sharadar
HLT1,sharadar
HMA1,sharadar
HNT,sharadar
HNZ,sharadar
HOT,sharadar
HRC,sharadar
HRD1,sharadar
HSH,sharadar
HSP,sharadar
HSP1,sharadar
HTV,sharadar
HTZGQ,sharadar
HZNP,sharadar
IBI.A,sharadar
IDCC,sharadar
IDTI,sharadar
IGT1,sharadar
IHS2,sharadar
ILA,sharadar
IMNX,sharadar
IMS,sharadar
INCLF,sharadar
INF.A,sharadar
INFO1,sharadar
ISCA,sharadar
ISIL,sharadar
ISSX,sharadar
ITT,sharadar
ITWO1,sharadar
JAH,sharadar
JAVA1,sharadar
JEF1,sharadar
JHF,sharadar
JNS,sharadar
JNY,sharadar
JOY,sharadar
JP1,sharadar
JPM1,sharadar
JWN,sharadar
K,sharadar
KATE,sharadar
KBL,sharadar
KBR,sharadar
KCG1,sharadar
KEA,sharadar
KG1,sharadar
KM,sharadar
KMG1,sharadar
KMI1,sharadar
KMPR,sharadar
KRB,sharadar
KRFT,sharadar
KRI,sharadar
KSE,sharadar
L1,sharadar
LCOS,sharadar
LEARQ,sharadar
LEHMQ,sharadar
LGE,sharadar
LGTO1,sharadar
LIFE2,sharadar
LIT1,sharadar
LLL1,sharadar
LM,sharadar
LNCR,sharadar
LNKD,sharadar
LO,sharadar
LPS,sharadar
LSI1,sharadar
LU1,sharadar
LULU,sharadar
LVLT,sharadar
LXK,sharadar
LYO,sharadar
LZ1,sharadar
MACR1,sharadar
MANH,sharadar
MBG1,sharadar
MBI,sharadar
MCIP,sharadar
MCRL,sharadar
MDRIQ,sharadar
MDU,sharadar
MDVN,sharadar
MEA1,sharadar
MEDI1,sharadar
MEE,sharadar
MEL,sharadar
MER,sharadar
MERQ,sharadar
MFE,sharadar
MGM1,sharadar
MHS,sharadar
MI2,sharadar
MIK1,sharadar
MIL1,sharadar
MIR1,sharadar
MIR2,sharadar
MJN,sharadar
MLNM,sharadar
MND,sharadar
MNKKQ,sharadar
MNMD1,sharadar
MOLX,sharadar
MON2,sharadar
MPT,sharadar
MRBK1,sharadar
MRCHQ,sharadar
MRVC,sharadar
MTCH2,sharadar
MTG,sharadar
MTLQQ,sharadar
MTN,sharadar
MTSI,sharadar
MTW,sharadar
MTZ,sharadar
MV,sharadar
MVL,sharadar
MWV,sharadar
MWW,sharadar
MXIM,sharadar
MYG1,sharadar
MYGN,sharadar
NA.A,sharadar
NAV,sharadar
NBL,sharadar
NBR,sharadar
NCC,sharadar
NCE,sharadar
NCF,sharadar
NEBLQ,sharadar
NEU1,sharadar
NEWP1,sharadar
NFB,sharadar
NFS,sharadar
NFX1,sharadar
NGH,sharadar
NIHDQ,sharadar
NMX,sharadar
NN1,sharadar
NOVL,sharadar
NRG1,sharadar
NRTLQ,sharadar
NSM1,sharadar
NSOL,sharadar
NST,sharadar
NTRS,sharadar
NUAN,sharadar
NVLS1,sharadar
NXPI,sharadar
NXTL,sharadar
NXTP1,sharadar
NYT,sharadar
NYX1,sharadar
OA,sharadar
OAT,sharadar
OC,sharadar
OCLI,sharadar
OCR,sharadar
ODP,sharadar
OEI2,sharadar
OHP,sharadar
OI,sharadar
OII,sharadar
OK,sharadar
OMX,sharadar
ONE1,sharadar
ORI,sharadar
P,sharadar
PALM,sharadar
PBCT,sharadar
PBG,sharadar
PBI,sharadar
PCL1,sharadar
PCO1,sharadar
PCP,sharadar
PCYC,sharadar
PD1,sharadar
PDCO,sharadar
PDE,sharadar
PDLI,sharadar
PEN,sharadar
PETM,sharadar
PGN1,sharadar
PHA,sharadar
PHS,sharadar
PIXR,sharadar
PLCM,sharadar
PLD1,sharadar
PLL1,sharadar
PMCS,sharadar
PNU1,sharadar
POM1,sharadar
POT,sharadar
PPDI,sharadar
PPMIQ,sharadar
PRDO,sharadar
PRE1,sharadar
PRSF,sharadar
PSFT,sharadar
PSKY,sharadar
PTV,sharadar
PVN,sharadar
PWAVQ,sharadar
PWER1,sharadar
PWJ1,sharadar
PX1,sharadar
PXP,sharadar
Q1,sharadar
QEP,sharadar
QLGC,sharadar
QSR,sharadar
QVCAQ,sharadar
RADCQ,sharadar
RAH,sharadar
RAI,sharadar
RAL1,sharadar
RAMP,sharadar
RATL,sharadar
RAX,sharadar
RDA1,sharadar
RDC,sharadar
RDN,sharadar
RFMD,sharadar
RHT,sharadar
RIG,sharadar
RKT1,sharadar
RLM1,sharadar
RLR,sharadar
RMBS,sharadar
RMK,sharadar
RNR,sharadar
RNWK,sharadar
ROH,sharadar
ROOM,sharadar
RRD,sharadar
RSAS,sharadar
RSE1,sharadar
RSHCQ,sharadar
RTN,sharadar
RVBD,sharadar
RX,sharadar
RYN,sharadar
S1,sharadar
S2,sharadar
SAF2,sharadar
SAFE,sharadar
SANM,sharadar
SAPE,sharadar
SAWS1,sharadar
SBL,sharadar
SCG,sharadar
SCI1,sharadar
SCMR,sharadar
SCZ.B,sharadar
SDLI,sharadar
SDS1,sharadar
SE1,sharadar
SE2,sharadar
SEBL,sharadar
SEDG,sharadar
SEG1,sharadar
SFA,sharadar
SGP1,sharadar
SHLDQ,sharadar
SHPG,sharadar
SIAL,sharadar
SII1,sharadar
SIVBQ,sharadar
SLM,sharadar
SLR,sharadar
SNDK,sharadar
SNDK1,sharadar
SNI,sharadar
SNV,sharadar
SON,sharadar
SOTR,sharadar
SOV,sharadar
SPB1,sharadar
SPLS1,sharadar
SPOT1,sharadar
SPR,sharadar
SPWRQ,sharadar
SPXC,sharadar
SSCCQ,sharadar
SSP,sharadar
STCN,sharadar
STI1,sharadar
STJ,sharadar
STR1,sharadar
STRZA,sharadar
STX,sharadar
SUB1,sharadar
SUG,sharadar
SUN1,sharadar
SUNEQ,sharadar
SVELY,sharadar
SVM1,sharadar
SVU,sharadar
SWN,sharadar
SWY,sharadar
SXCL,sharadar
SY2,sharadar
T1,sharadar
TAP.B,sharadar
TAP1,sharadar
TCF1,sharadar
TCM1,sharadar
TDS,sharadar
TE1,sharadar
TEG,sharadar
TEVA,sharadar
TEX,sharadar
TFCF,sharadar
TGH.A,sharadar
TGNA,sharadar
THC,sharadar
THG,sharadar
TIBB,sharadar
TIF,sharadar
TIN,sharadar
TIVO,sharadar
TLAB,sharadar
TMC.A,sharadar
TNL,sharadar
TOS1,sharadar
TOY,sharadar
TQNT,sharadar
TRA,sharadar
TRB,sharadar
TRH,sharadar
TRI1,sharadar
TRW,sharadar
TRW1,sharadar
TSG1,sharadar
TSS,sharadar
TT2,sharadar
TVGIA,sharadar
TW2,sharadar
TWC,sharadar
TWE,sharadar
TWTC,sharadar
TWX,sharadar
TWX1,sharadar
TX1,sharadar
TXCCQ,sharadar
TXU,sharadar
TYC,sharadar
UALAQ,sharadar
UAWGQ,sharadar
UB,sharadar
UCL1,sharadar
UCM,sharadar
UCOMA,sharadar
UDS,sharadar
UIS,sharadar
UK1,sharadar
ULTI1,sharadar
UPC1,sharadar
UPLMQ,sharadar
UPR,sharadar
URBN,sharadar
URS,sharadar
USB1,sharadar
USG1,sharadar
UST1,sharadar
USW,sharadar
UVN,sharadar
VAL1,sharadar
VALPQ,sharadar
VAR,sharadar
VCI,sharadar
VIAB,sharadar
VMED,sharadar
VO1,sharadar
VOYA,sharadar
VRI,sharadar
VRTS1,sharadar
VRX1,sharadar
VSH,sharadar
VTSS,sharadar
VYX,sharadar
WAMUQ,sharadar
WB1,sharadar
WB2,sharadar
WC,sharadar
WCG,sharadar
WCN,sharadar
WCOEQ,sharadar
WCRX,sharadar
WEN1,sharadar
WFM,sharadar
WFTIQ,sharadar
WGHTQ,sharadar
WLA,sharadar
WLL1,sharadar
WLL2,sharadar
WLP1,sharadar
WLTGQ,sharadar
WNDXQ,sharadar
WOLF2,sharadar
WP,sharadar
WR1,sharadar
WWAV,sharadar
WWY,sharadar
WYE,sharadar
X,sharadar
XL1,sharadar
XLNX,sharadar
XPO,sharadar
XTO,sharadar
YHOO,sharadar
YNR,sharadar
YUMC,sharadar
ZAYO,sharadar
